{
  "model_name": "RF",
  "model_path": "models\\pipeline_test_creditcard_smote_RF.joblib",
  "evaluation_results": {
    "model_name": "RF",
    "data_name": "test_creditcard",
    "imbalance_method": "smote",
    "metrics": {
      "train_metrics": {
        "accuracy": 0.9986962190352021,
        "precision": 0.9986992939903078,
        "recall": 0.9986962190352021,
        "f1": 0.9986960397871373,
        "auc": 1.0,
        "ks": 1.0
      },
      "test_metrics": {
        "accuracy": 0.9240121580547113,
        "precision": 0.925438316730637,
        "recall": 0.9240121580547113,
        "f1": 0.9236661901745409,
        "auc": 0.9548305211288637,
        "ks": 0.8550470359862625
      },
      "detailed_report": {
        "classification_report": {
          "0": {
            "precision": 0.90625,
            "recall": 0.9613259668508287,
            "f1-score": 0.9329758713136729,
            "support": 181.0
          },
          "1": {
            "precision": 0.948905109489051,
            "recall": 0.8783783783783784,
            "f1-score": 0.9122807017543859,
            "support": 148.0
          },
          "accuracy": 0.9240121580547113,
          "macro avg": {
            "precision": 0.9275775547445255,
            "recall": 0.9198521726146036,
            "f1-score": 0.9226282865340294,
            "support": 329.0
          },
          "weighted avg": {
            "precision": 0.925438316730637,
            "recall": 0.9240121580547113,
            "f1-score": 0.9236661901745409,
            "support": 329.0
          }
        },
        "confusion_matrix": [
          [
            174,
            7
          ],
          [
            18,
            130
          ]
        ]
      }
    },
    "best_params": {
      "classifier__bootstrap": false,
      "classifier__max_depth": 14,
      "classifier__max_features": "sqrt",
      "classifier__min_samples_leaf": 1,
      "classifier__min_samples_split": 11,
      "classifier__n_estimators": 237
    },
    "training_time": 44.2978618144989,
    "feature_count": 19,
    "status": "success"
  },
  "timestamp": "2025-08-26T14:31:46.838696"
}