{
  "model_name": "XGB",
  "model_path": "models\\pipeline_test_creditcard_smote_XGB.joblib",
  "evaluation_results": {
    "model_name": "XGB",
    "data_name": "test_creditcard",
    "imbalance_method": "smote",
    "metrics": {
      "train_metrics": {
        "accuracy": 0.9608865710560626,
        "precision": 0.9615342964512079,
        "recall": 0.9608865710560626,
        "f1": 0.9607839366579387,
        "auc": 0.9923167848699764,
        "ks": 0.9200409588212656
      },
      "test_metrics": {
        "accuracy": 0.8905775075987842,
        "precision": 0.8913743449731554,
        "recall": 0.8905775075987842,
        "f1": 0.8901352593871468,
        "auc": 0.945385993728535,
        "ks": 0.8187994624458713
      },
      "detailed_report": {
        "classification_report": {
          "0": {
            "precision": 0.8795811518324608,
            "recall": 0.9281767955801105,
            "f1-score": 0.9032258064516129,
            "support": 181.0
          },
          "1": {
            "precision": 0.9057971014492754,
            "recall": 0.8445945945945946,
            "f1-score": 0.8741258741258742,
            "support": 148.0
          },
          "accuracy": 0.8905775075987842,
          "macro avg": {
            "precision": 0.8926891266408681,
            "recall": 0.8863856950873525,
            "f1-score": 0.8886758402887436,
            "support": 329.0
          },
          "weighted avg": {
            "precision": 0.8913743449731554,
            "recall": 0.8905775075987842,
            "f1-score": 0.8901352593871468,
            "support": 329.0
          }
        },
        "confusion_matrix": [
          [
            168,
            13
          ],
          [
            23,
            125
          ]
        ]
      }
    },
    "best_params": {
      "classifier__colsample_bytree": 0.749816047538945,
      "classifier__gamma": 0.4753571532049581,
      "classifier__learning_rate": 0.22227824312530747,
      "classifier__max_depth": 7,
      "classifier__min_child_weight": 5,
      "classifier__n_estimators": 1738,
      "classifier__reg_alpha": 4.458327528535912,
      "classifier__reg_lambda": 0.9997491581800289,
      "classifier__subsample": 0.7836995567863468
    },
    "training_time": 39.12070941925049,
    "feature_count": 18,
    "status": "success"
  },
  "timestamp": "2025-08-26T14:31:41.404886"
}