{
  "model_name": "XGB",
  "model_path": "models\\pipeline_test_creditcard_random_over_XGB.joblib",
  "evaluation_results": {
    "model_name": "XGB",
    "data_name": "test_creditcard",
    "imbalance_method": "random_over",
    "metrics": {
      "train_metrics": {
        "accuracy": 0.9608865710560626,
        "precision": 0.9609370671450703,
        "recall": 0.9608865710560626,
        "f1": 0.9608522411909162,
        "auc": 0.9937393479575568,
        "ks": 0.92674830941778
      },
      "test_metrics": {
        "accuracy": 0.9027355623100304,
        "precision": 0.9029189358474204,
        "recall": 0.9027355623100304,
        "f1": 0.9025222950834614,
        "auc": 0.9548305211288637,
        "ks": 0.8194340749589368
      },
      "detailed_report": {
        "classification_report": {
          "0": {
            "precision": 0.8983957219251337,
            "recall": 0.9281767955801105,
            "f1-score": 0.9130434782608695,
            "support": 181.0
          },
          "1": {
            "precision": 0.9084507042253521,
            "recall": 0.8716216216216216,
            "f1-score": 0.8896551724137931,
            "support": 148.0
          },
          "accuracy": 0.9027355623100304,
          "macro avg": {
            "precision": 0.9034232130752429,
            "recall": 0.899899208600866,
            "f1-score": 0.9013493253373313,
            "support": 329.0
          },
          "weighted avg": {
            "precision": 0.9029189358474204,
            "recall": 0.9027355623100304,
            "f1-score": 0.9025222950834614,
            "support": 329.0
          }
        },
        "confusion_matrix": [
          [
            168,
            13
          ],
          [
            19,
            129
          ]
        ]
      }
    },
    "best_params": {
      "classifier__colsample_bytree": 0.749816047538945,
      "classifier__gamma": 0.4753571532049581,
      "classifier__learning_rate": 0.22227824312530747,
      "classifier__max_depth": 7,
      "classifier__min_child_weight": 5,
      "classifier__n_estimators": 1738,
      "classifier__reg_alpha": 4.458327528535912,
      "classifier__reg_lambda": 0.9997491581800289,
      "classifier__subsample": 0.7836995567863468
    },
    "training_time": 39.127424478530884,
    "feature_count": 20,
    "status": "success"
  },
  "timestamp": "2025-08-26T14:31:41.475290"
}