{
  "model_name": "LR",
  "model_path": "models\\pipeline_test_creditcard_random_over_LR.joblib",
  "evaluation_results": {
    "model_name": "LR",
    "data_name": "test_creditcard",
    "imbalance_method": "random_over",
    "metrics": {
      "train_metrics": {
        "accuracy": 0.8722294654498044,
        "precision": 0.8753957508605761,
        "recall": 0.8722294654498044,
        "f1": 0.8710975346201246,
        "auc": 0.9062963879267689,
        "ks": 0.7397740392544945
      },
      "test_metrics": {
        "accuracy": 0.8662613981762918,
        "precision": 0.8712939810309059,
        "recall": 0.8662613981762918,
        "f1": 0.8647233839179405,
        "auc": 0.8917425713005823,
        "ks": 0.7358892041212483
      },
      "detailed_report": {
        "classification_report": {
          "0": {
            "precision": 0.8374384236453202,
            "recall": 0.9392265193370166,
            "f1-score": 0.8854166666666666,
            "support": 181.0
          },
          "1": {
            "precision": 0.9126984126984127,
            "recall": 0.777027027027027,
            "f1-score": 0.8394160583941606,
            "support": 148.0
          },
          "accuracy": 0.8662613981762918,
          "macro avg": {
            "precision": 0.8750684181718664,
            "recall": 0.8581267731820218,
            "f1-score": 0.8624163625304135,
            "support": 329.0
          },
          "weighted avg": {
            "precision": 0.8712939810309059,
            "recall": 0.8662613981762918,
            "f1-score": 0.8647233839179405,
            "support": 329.0
          }
        },
        "confusion_matrix": [
          [
            170,
            11
          ],
          [
            33,
            115
          ]
        ]
      }
    },
    "best_params": {
      "classifier__tol": 0.01,
      "classifier__penalty": "l1",
      "classifier__max_iter": 5000,
      "classifier__C": 100
    },
    "training_time": 3.920949697494507,
    "feature_count": 18,
    "status": "success"
  },
  "timestamp": "2025-08-26T13:55:16.935346"
}