{
  "model_name": "LR",
  "model_path": "models\\pipeline_test_creditcard_random_over_LR.joblib",
  "evaluation_results": {
    "model_name": "LR",
    "data_name": "test_creditcard",
    "imbalance_method": "random_over",
    "metrics": {
      "train_metrics": {
        "accuracy": 0.9282920469361148,
        "precision": 0.9286659400699385,
        "recall": 0.9282920469361148,
        "f1": 0.9281175578682866,
        "auc": 0.9752322832481171,
        "ks": 0.8613241519599758
      },
      "test_metrics": {
        "accuracy": 0.8875379939209727,
        "precision": 0.891593977521736,
        "recall": 0.8875379939209727,
        "f1": 0.8864851644677375,
        "auc": 0.951956099746155,
        "ks": 0.7973346274451247
      },
      "detailed_report": {
        "classification_report": {
          "0": {
            "precision": 0.86,
            "recall": 0.9502762430939227,
            "f1-score": 0.9028871391076115,
            "support": 181.0
          },
          "1": {
            "precision": 0.9302325581395349,
            "recall": 0.8108108108108109,
            "f1-score": 0.8664259927797834,
            "support": 148.0
          },
          "accuracy": 0.8875379939209727,
          "macro avg": {
            "precision": 0.8951162790697674,
            "recall": 0.8805435269523667,
            "f1-score": 0.8846565659436975,
            "support": 329.0
          },
          "weighted avg": {
            "precision": 0.891593977521736,
            "recall": 0.8875379939209727,
            "f1-score": 0.8864851644677375,
            "support": 329.0
          }
        },
        "confusion_matrix": [
          [
            172,
            9
          ],
          [
            28,
            120
          ]
        ]
      }
    },
    "best_params": {
      "classifier__tol": 0.01,
      "classifier__penalty": "l1",
      "classifier__max_iter": 5000,
      "classifier__C": 100
    },
    "training_time": 3.914721965789795,
    "feature_count": 20,
    "status": "success"
  },
  "timestamp": "2025-08-26T14:31:48.178439"
}