{
  "model_name": "XGB",
  "model_path": "models\\pipeline_test_creditcard_random_over_XGB.joblib",
  "evaluation_results": {
    "model_name": "XGB",
    "data_name": "test_creditcard",
    "imbalance_method": "random_over",
    "metrics": {
      "train_metrics": {
        "accuracy": 0.9634941329856584,
        "precision": 0.9641579392394174,
        "recall": 0.9634941329856584,
        "f1": 0.9633983408807429,
        "auc": 0.9936019022486119,
        "ks": 0.9396544614877124
      },
      "test_metrics": {
        "accuracy": 0.9088145896656535,
        "precision": 0.9097947803577168,
        "recall": 0.9088145896656535,
        "f1": 0.908446049489289,
        "auc": 0.9636777661639541,
        "ks": 0.8335448708376886
      },
      "detailed_report": {
        "classification_report": {
          "0": {
            "precision": 0.8952879581151832,
            "recall": 0.9447513812154696,
            "f1-score": 0.9193548387096774,
            "support": 181.0
          },
          "1": {
            "precision": 0.927536231884058,
            "recall": 0.8648648648648649,
            "f1-score": 0.8951048951048951,
            "support": 148.0
          },
          "accuracy": 0.9088145896656535,
          "macro avg": {
            "precision": 0.9114120949996206,
            "recall": 0.9048081230401672,
            "f1-score": 0.9072298669072862,
            "support": 329.0
          },
          "weighted avg": {
            "precision": 0.9097947803577168,
            "recall": 0.9088145896656535,
            "f1-score": 0.908446049489289,
            "support": 329.0
          }
        },
        "confusion_matrix": [
          [
            171,
            10
          ],
          [
            20,
            128
          ]
        ]
      }
    },
    "best_params": {
      "classifier__colsample_bytree": 0.9895022075365837,
      "classifier__gamma": 0.11638567021515211,
      "classifier__learning_rate": 0.03627586601451803,
      "classifier__max_depth": 8,
      "classifier__min_child_weight": 3,
      "classifier__n_estimators": 1999,
      "classifier__reg_alpha": 5.142344384136116,
      "classifier__reg_lambda": 5.924145688620425,
      "classifier__subsample": 0.6185801650879991
    },
    "training_time": 39.80575633049011,
    "feature_count": 18,
    "status": "success"
  },
  "timestamp": "2025-08-26T13:55:08.487192"
}