{
  "model_name": "LR",
  "model_path": "models\\pipeline_test_creditcard_smote_LR.joblib",
  "evaluation_results": {
    "model_name": "LR",
    "data_name": "test_creditcard",
    "imbalance_method": "smote",
    "metrics": {
      "train_metrics": {
        "accuracy": 0.877444589308996,
        "precision": 0.8785698683920043,
        "recall": 0.877444589308996,
        "f1": 0.8768080592305857,
        "auc": 0.9185290560228709,
        "ks": 0.7524877673319039
      },
      "test_metrics": {
        "accuracy": 0.8723404255319149,
        "precision": 0.8775743117007136,
        "recall": 0.8723404255319149,
        "f1": 0.8708723210125795,
        "auc": 0.9026056443183516,
        "ks": 0.7395848887561595
      },
      "detailed_report": {
        "classification_report": {
          "0": {
            "precision": 0.8423645320197044,
            "recall": 0.9447513812154696,
            "f1-score": 0.890625,
            "support": 181.0
          },
          "1": {
            "precision": 0.9206349206349206,
            "recall": 0.7837837837837838,
            "f1-score": 0.8467153284671532,
            "support": 148.0
          },
          "accuracy": 0.8723404255319149,
          "macro avg": {
            "precision": 0.8814997263273125,
            "recall": 0.8642675824996267,
            "f1-score": 0.8686701642335766,
            "support": 329.0
          },
          "weighted avg": {
            "precision": 0.8775743117007136,
            "recall": 0.8723404255319149,
            "f1-score": 0.8708723210125795,
            "support": 329.0
          }
        },
        "confusion_matrix": [
          [
            171,
            10
          ],
          [
            32,
            116
          ]
        ]
      }
    },
    "best_params": {
      "classifier__tol": 0.01,
      "classifier__penalty": "l1",
      "classifier__max_iter": 5000,
      "classifier__C": 100
    },
    "training_time": 3.969226121902466,
    "feature_count": 18,
    "status": "success"
  },
  "timestamp": "2025-08-26T14:31:48.173438"
}