{
  "model_name": "RF",
  "model_path": "models\\pipeline_test_creditcard_random_over_RF.joblib",
  "evaluation_results": {
    "model_name": "RF",
    "data_name": "test_creditcard",
    "imbalance_method": "random_over",
    "metrics": {
      "train_metrics": {
        "accuracy": 0.9973924380704041,
        "precision": 0.9974047089500728,
        "recall": 0.9973924380704041,
        "f1": 0.9973917119148252,
        "auc": 1.0,
        "ks": 1.0
      },
      "test_metrics": {
        "accuracy": 0.9209726443768997,
        "precision": 0.921248734871397,
        "recall": 0.9209726443768997,
        "f1": 0.9207993647553123,
        "auc": 0.9689413170076154,
        "ks": 0.8648648648648649
      },
      "detailed_report": {
        "classification_report": {
          "0": {
            "precision": 0.9144385026737968,
            "recall": 0.9447513812154696,
            "f1-score": 0.9293478260869565,
            "support": 181.0
          },
          "1": {
            "precision": 0.9295774647887324,
            "recall": 0.8918918918918919,
            "f1-score": 0.9103448275862069,
            "support": 148.0
          },
          "accuracy": 0.9209726443768997,
          "macro avg": {
            "precision": 0.9220079837312646,
            "recall": 0.9183216365536808,
            "f1-score": 0.9198463268365817,
            "support": 329.0
          },
          "weighted avg": {
            "precision": 0.921248734871397,
            "recall": 0.9209726443768997,
            "f1-score": 0.9207993647553123,
            "support": 329.0
          }
        },
        "confusion_matrix": [
          [
            171,
            10
          ],
          [
            16,
            132
          ]
        ]
      }
    },
    "best_params": {
      "classifier__bootstrap": false,
      "classifier__max_depth": 14,
      "classifier__max_features": "sqrt",
      "classifier__min_samples_leaf": 1,
      "classifier__min_samples_split": 11,
      "classifier__n_estimators": 237
    },
    "training_time": 39.077314376831055,
    "feature_count": 18,
    "status": "success"
  },
  "timestamp": "2025-08-26T14:31:42.837240"
}